class,objects,total_area_m2,mean_area_m2,median_area_m2,area_percent
paved_area,295,93744.5184328648,317.7780285859824,201.84781028666717,44.152588925215056
rooftop,564,92599.75148892566,164.18395654064832,54.86490977321017,43.61341687402876
vegetation,226,25975.144895872323,114.93426945076249,63.619319541751324,12.233994200756179
