class,objects,total_area_m2,mean_area_m2,median_area_m2,area_percent
paved_area,499,186150.2597500015,373.04661272545394,233.52715374763457,42.251744015604146
rooftop,646,91209.98830332224,141.19193235808396,65.8298846392411,20.70252860583606
vegetation,997,163213.89648673046,163.70501152129435,90.18381665359924,37.04572737855979
